TIME,STATE
1561326544271,math
1561326546274,rest
1561326548275,rest
1561326550276,rest
1561326552280,rest
1561326554283,rest
1561326556287,end
1561326558416,math
1561326560420,rest
1561326562422,rest
1561326564423,rest
1561326566427,rest
1561326568428,rest
1561326570429,end
1561326577957,math
1561326579961,math
1561326581962,math
1561326583963,math
1561326585969,math
1561326587969,math
1561326589970,end
1561326594063,math
1561326596064,math
1561326598068,math
1561326600072,math
1561326602074,math
1561326604076,math
1561326606080,end
1561326609926,math
1561326611929,math
1561326613930,math
1561326615931,math
1561326617931,math
1561326619934,math
1561326621938,end
